[
{
  "model": "admin.logentry",
  "pk": 1,
  "fields": {
    "action_time": "2025-05-24T18:51:59.439Z",
    "user": 1,
    "content_type": 7,
    "object_id": "1",
    "object_repr": "test category",
    "action_flag": 1,
    "change_message": "[{\"added\": {}}]"
  }
},
{
  "model": "admin.logentry",
  "pk": 2,
  "fields": {
    "action_time": "2025-05-24T18:58:54.562Z",
    "user": 1,
    "content_type": 10,
    "object_id": "1",
    "object_repr": "Celestia Gown",
    "action_flag": 1,
    "change_message": "[{\"added\": {}}]"
  }
},
{
  "model": "admin.logentry",
  "pk": 3,
  "fields": {
    "action_time": "2025-05-24T19:04:02.015Z",
    "user": 1,
    "content_type": 7,
    "object_id": "2",
    "object_repr": "Evening Wear",
    "action_flag": 1,
    "change_message": "[{\"added\": {}}]"
  }
},
{
  "model": "admin.logentry",
  "pk": 4,
  "fields": {
    "action_time": "2025-05-24T19:04:12.943Z",
    "user": 1,
    "content_type": 10,
    "object_id": "1",
    "object_repr": "Celestia Gown",
    "action_flag": 2,
    "change_message": "[{\"changed\": {\"fields\": [\"Category\"]}}]"
  }
},
{
  "model": "admin.logentry",
  "pk": 5,
  "fields": {
    "action_time": "2025-05-24T19:04:51.452Z",
    "user": 1,
    "content_type": 7,
    "object_id": "1",
    "object_repr": "test category",
    "action_flag": 3,
    "change_message": ""
  }
},
{
  "model": "admin.logentry",
  "pk": 6,
  "fields": {
    "action_time": "2025-05-24T19:06:18.108Z",
    "user": 1,
    "content_type": 7,
    "object_id": "3",
    "object_repr": "Leather Bags",
    "action_flag": 1,
    "change_message": "[{\"added\": {}}]"
  }
},
{
  "model": "admin.logentry",
  "pk": 7,
  "fields": {
    "action_time": "2025-05-24T19:06:45.526Z",
    "user": 1,
    "content_type": 10,
    "object_id": "2",
    "object_repr": "UrbanCraft Satchel",
    "action_flag": 1,
    "change_message": "[{\"added\": {}}]"
  }
},
{
  "model": "admin.logentry",
  "pk": 8,
  "fields": {
    "action_time": "2025-05-24T19:07:31.638Z",
    "user": 1,
    "content_type": 7,
    "object_id": "4",
    "object_repr": "Fitness Tech",
    "action_flag": 1,
    "change_message": "[{\"added\": {}}]"
  }
},
{
  "model": "admin.logentry",
  "pk": 9,
  "fields": {
    "action_time": "2025-05-24T19:07:48.526Z",
    "user": 1,
    "content_type": 10,
    "object_id": "3",
    "object_repr": "FitPulse Band",
    "action_flag": 1,
    "change_message": "[{\"added\": {}}]"
  }
},
{
  "model": "admin.logentry",
  "pk": 10,
  "fields": {
    "action_time": "2025-05-24T19:08:23.703Z",
    "user": 1,
    "content_type": 7,
    "object_id": "5",
    "object_repr": "Eyewear",
    "action_flag": 1,
    "change_message": "[{\"added\": {}}]"
  }
},
{
  "model": "admin.logentry",
  "pk": 11,
  "fields": {
    "action_time": "2025-05-24T19:08:38.642Z",
    "user": 1,
    "content_type": 10,
    "object_id": "4",
    "object_repr": "SunLoft Shades",
    "action_flag": 1,
    "change_message": "[{\"added\": {}}]"
  }
},
{
  "model": "admin.logentry",
  "pk": 12,
  "fields": {
    "action_time": "2025-05-24T19:09:44.371Z",
    "user": 1,
    "content_type": 10,
    "object_id": "5",
    "object_repr": "Dune Fringe Hat",
    "action_flag": 1,
    "change_message": "[{\"added\": {}}]"
  }
},
{
  "model": "admin.logentry",
  "pk": 13,
  "fields": {
    "action_time": "2025-05-24T19:10:33.429Z",
    "user": 1,
    "content_type": 7,
    "object_id": "6",
    "object_repr": "Jewelry",
    "action_flag": 1,
    "change_message": "[{\"added\": {}}]"
  }
},
{
  "model": "admin.logentry",
  "pk": 14,
  "fields": {
    "action_time": "2025-05-24T19:10:35.332Z",
    "user": 1,
    "content_type": 10,
    "object_id": "6",
    "object_repr": "Lumière Pearls",
    "action_flag": 1,
    "change_message": "[{\"added\": {}}]"
  }
},
{
  "model": "admin.logentry",
  "pk": 15,
  "fields": {
    "action_time": "2025-05-24T19:10:52.416Z",
    "user": 1,
    "content_type": 7,
    "object_id": "7",
    "object_repr": "Accessories",
    "action_flag": 1,
    "change_message": "[{\"added\": {}}]"
  }
},
{
  "model": "admin.logentry",
  "pk": 16,
  "fields": {
    "action_time": "2025-05-24T19:10:56.122Z",
    "user": 1,
    "content_type": 10,
    "object_id": "5",
    "object_repr": "Dune Fringe Hat",
    "action_flag": 2,
    "change_message": "[{\"changed\": {\"fields\": [\"Category\"]}}]"
  }
},
{
  "model": "admin.logentry",
  "pk": 17,
  "fields": {
    "action_time": "2025-05-24T19:11:54.224Z",
    "user": 1,
    "content_type": 7,
    "object_id": "8",
    "object_repr": "Tech Accessories",
    "action_flag": 1,
    "change_message": "[{\"added\": {}}]"
  }
},
{
  "model": "admin.logentry",
  "pk": 18,
  "fields": {
    "action_time": "2025-05-24T19:11:56.489Z",
    "user": 1,
    "content_type": 10,
    "object_id": "7",
    "object_repr": "GearGrid Organizer",
    "action_flag": 1,
    "change_message": "[{\"added\": {}}]"
  }
},
{
  "model": "admin.logentry",
  "pk": 19,
  "fields": {
    "action_time": "2025-05-24T19:12:54.106Z",
    "user": 1,
    "content_type": 7,
    "object_id": "9",
    "object_repr": "Skincare",
    "action_flag": 1,
    "change_message": "[{\"added\": {}}]"
  }
},
{
  "model": "admin.logentry",
  "pk": 20,
  "fields": {
    "action_time": "2025-05-24T19:12:57.504Z",
    "user": 1,
    "content_type": 10,
    "object_id": "8",
    "object_repr": "EarthGlow Ritual Set",
    "action_flag": 1,
    "change_message": "[{\"added\": {}}]"
  }
},
{
  "model": "admin.logentry",
  "pk": 21,
  "fields": {
    "action_time": "2025-05-24T19:14:33.951Z",
    "user": 1,
    "content_type": 7,
    "object_id": "10",
    "object_repr": "Streetwear",
    "action_flag": 1,
    "change_message": "[{\"added\": {}}]"
  }
},
{
  "model": "admin.logentry",
  "pk": 22,
  "fields": {
    "action_time": "2025-05-24T19:14:35.719Z",
    "user": 1,
    "content_type": 10,
    "object_id": "9",
    "object_repr": "MetroRush Hoodie",
    "action_flag": 1,
    "change_message": "[{\"added\": {}}]"
  }
},
{
  "model": "admin.logentry",
  "pk": 23,
  "fields": {
    "action_time": "2025-05-24T19:15:44.749Z",
    "user": 1,
    "content_type": 7,
    "object_id": "11",
    "object_repr": "Outerwear",
    "action_flag": 1,
    "change_message": "[{\"added\": {}}]"
  }
},
{
  "model": "admin.logentry",
  "pk": 24,
  "fields": {
    "action_time": "2025-05-24T19:15:47.001Z",
    "user": 1,
    "content_type": 10,
    "object_id": "10",
    "object_repr": "IronRider Jacket",
    "action_flag": 1,
    "change_message": "[{\"added\": {}}]"
  }
},
{
  "model": "admin.logentry",
  "pk": 25,
  "fields": {
    "action_time": "2025-05-25T17:55:48.407Z",
    "user": 1,
    "content_type": 7,
    "object_id": "8",
    "object_repr": "Tech",
    "action_flag": 2,
    "change_message": "[{\"changed\": {\"fields\": [\"Name\"]}}]"
  }
},
{
  "model": "admin.logentry",
  "pk": 26,
  "fields": {
    "action_time": "2025-05-25T17:56:01.712Z",
    "user": 1,
    "content_type": 7,
    "object_id": "4",
    "object_repr": "Fitness",
    "action_flag": 2,
    "change_message": "[{\"changed\": {\"fields\": [\"Name\"]}}]"
  }
},
{
  "model": "admin.logentry",
  "pk": 27,
  "fields": {
    "action_time": "2025-05-25T17:56:06.842Z",
    "user": 1,
    "content_type": 7,
    "object_id": "3",
    "object_repr": "Leather",
    "action_flag": 2,
    "change_message": "[{\"changed\": {\"fields\": [\"Name\"]}}]"
  }
},
{
  "model": "admin.logentry",
  "pk": 28,
  "fields": {
    "action_time": "2025-05-25T17:56:18.711Z",
    "user": 1,
    "content_type": 7,
    "object_id": "12",
    "object_repr": "Bags",
    "action_flag": 1,
    "change_message": "[{\"added\": {}}]"
  }
},
{
  "model": "admin.logentry",
  "pk": 29,
  "fields": {
    "action_time": "2025-05-25T17:56:30.377Z",
    "user": 1,
    "content_type": 7,
    "object_id": "2",
    "object_repr": "Evening Wear",
    "action_flag": 2,
    "change_message": "[]"
  }
},
{
  "model": "admin.logentry",
  "pk": 30,
  "fields": {
    "action_time": "2025-05-25T17:56:55.522Z",
    "user": 1,
    "content_type": 7,
    "object_id": "13",
    "object_repr": "Gowns",
    "action_flag": 1,
    "change_message": "[{\"added\": {}}]"
  }
},
{
  "model": "admin.logentry",
  "pk": 31,
  "fields": {
    "action_time": "2025-05-25T17:57:45.474Z",
    "user": 1,
    "content_type": 10,
    "object_id": "1",
    "object_repr": "Celestia Gown",
    "action_flag": 2,
    "change_message": "[{\"changed\": {\"fields\": [\"Categories\"]}}]"
  }
},
{
  "model": "admin.logentry",
  "pk": 32,
  "fields": {
    "action_time": "2025-05-25T17:57:55.903Z",
    "user": 1,
    "content_type": 10,
    "object_id": "1",
    "object_repr": "Celestia Gown",
    "action_flag": 2,
    "change_message": "[{\"changed\": {\"fields\": [\"Categories\"]}}]"
  }
},
{
  "model": "admin.logentry",
  "pk": 33,
  "fields": {
    "action_time": "2025-05-25T17:58:10.774Z",
    "user": 1,
    "content_type": 10,
    "object_id": "2",
    "object_repr": "UrbanCraft Satchel",
    "action_flag": 2,
    "change_message": "[{\"changed\": {\"fields\": [\"Categories\"]}}]"
  }
},
{
  "model": "admin.logentry",
  "pk": 34,
  "fields": {
    "action_time": "2025-05-25T17:58:21.835Z",
    "user": 1,
    "content_type": 10,
    "object_id": "3",
    "object_repr": "FitPulse Band",
    "action_flag": 2,
    "change_message": "[{\"changed\": {\"fields\": [\"Categories\"]}}]"
  }
},
{
  "model": "admin.logentry",
  "pk": 35,
  "fields": {
    "action_time": "2025-05-25T17:58:33.927Z",
    "user": 1,
    "content_type": 10,
    "object_id": "4",
    "object_repr": "SunLoft Shades",
    "action_flag": 2,
    "change_message": "[{\"changed\": {\"fields\": [\"Categories\"]}}]"
  }
},
{
  "model": "admin.logentry",
  "pk": 36,
  "fields": {
    "action_time": "2025-05-25T17:58:46.719Z",
    "user": 1,
    "content_type": 10,
    "object_id": "5",
    "object_repr": "Dune Fringe Hat",
    "action_flag": 2,
    "change_message": "[{\"changed\": {\"fields\": [\"Categories\"]}}]"
  }
},
{
  "model": "admin.logentry",
  "pk": 37,
  "fields": {
    "action_time": "2025-05-25T17:58:57.384Z",
    "user": 1,
    "content_type": 10,
    "object_id": "6",
    "object_repr": "Lumière Pearls",
    "action_flag": 2,
    "change_message": "[{\"changed\": {\"fields\": [\"Categories\"]}}]"
  }
},
{
  "model": "admin.logentry",
  "pk": 38,
  "fields": {
    "action_time": "2025-05-25T17:59:18.750Z",
    "user": 1,
    "content_type": 10,
    "object_id": "7",
    "object_repr": "GearGrid Organizer",
    "action_flag": 2,
    "change_message": "[{\"changed\": {\"fields\": [\"Categories\"]}}]"
  }
},
{
  "model": "admin.logentry",
  "pk": 39,
  "fields": {
    "action_time": "2025-05-25T17:59:28.332Z",
    "user": 1,
    "content_type": 10,
    "object_id": "8",
    "object_repr": "EarthGlow Ritual Set",
    "action_flag": 2,
    "change_message": "[{\"changed\": {\"fields\": [\"Categories\"]}}]"
  }
},
{
  "model": "admin.logentry",
  "pk": 40,
  "fields": {
    "action_time": "2025-05-25T17:59:40.365Z",
    "user": 1,
    "content_type": 10,
    "object_id": "9",
    "object_repr": "MetroRush Hoodie",
    "action_flag": 2,
    "change_message": "[{\"changed\": {\"fields\": [\"Categories\"]}}]"
  }
},
{
  "model": "admin.logentry",
  "pk": 41,
  "fields": {
    "action_time": "2025-05-25T18:00:03.899Z",
    "user": 1,
    "content_type": 10,
    "object_id": "10",
    "object_repr": "IronRider Jacket",
    "action_flag": 2,
    "change_message": "[{\"changed\": {\"fields\": [\"Categories\"]}}]"
  }
},
{
  "model": "admin.logentry",
  "pk": 42,
  "fields": {
    "action_time": "2025-07-17T10:18:08.215Z",
    "user": 1,
    "content_type": 3,
    "object_id": "1",
    "object_repr": "Staff Manager",
    "action_flag": 1,
    "change_message": "[{\"added\": {}}]"
  }
},
{
  "model": "admin.logentry",
  "pk": 43,
  "fields": {
    "action_time": "2025-07-17T10:18:53.445Z",
    "user": 1,
    "content_type": 4,
    "object_id": "1",
    "object_repr": "zzz",
    "action_flag": 2,
    "change_message": "[{\"changed\": {\"fields\": [\"Superuser status\", \"Groups\"]}}]"
  }
},
{
  "model": "admin.logentry",
  "pk": 44,
  "fields": {
    "action_time": "2025-07-17T10:21:52.481Z",
    "user": 2,
    "content_type": 3,
    "object_id": "2",
    "object_repr": "Trendify Admin",
    "action_flag": 1,
    "change_message": "[{\"added\": {}}]"
  }
},
{
  "model": "admin.logentry",
  "pk": 45,
  "fields": {
    "action_time": "2025-07-17T10:22:15.642Z",
    "user": 2,
    "content_type": 3,
    "object_id": "2",
    "object_repr": "Trendify Admin",
    "action_flag": 2,
    "change_message": "[{\"changed\": {\"fields\": [\"Permissions\"]}}]"
  }
},
{
  "model": "admin.logentry",
  "pk": 46,
  "fields": {
    "action_time": "2025-07-17T10:26:39.905Z",
    "user": 2,
    "content_type": 4,
    "object_id": "1",
    "object_repr": "zzz",
    "action_flag": 2,
    "change_message": "[{\"changed\": {\"fields\": [\"Groups\"]}}]"
  }
},
{
  "model": "admin.logentry",
  "pk": 47,
  "fields": {
    "action_time": "2025-07-17T10:27:45.766Z",
    "user": 2,
    "content_type": 3,
    "object_id": "1",
    "object_repr": "Staff Manager",
    "action_flag": 2,
    "change_message": "[]"
  }
},
{
  "model": "admin.logentry",
  "pk": 48,
  "fields": {
    "action_time": "2025-07-17T10:28:57.090Z",
    "user": 1,
    "content_type": 4,
    "object_id": "1",
    "object_repr": "zzz",
    "action_flag": 2,
    "change_message": "[]"
  }
},
{
  "model": "admin.logentry",
  "pk": 49,
  "fields": {
    "action_time": "2025-07-17T10:31:46.630Z",
    "user": 2,
    "content_type": 3,
    "object_id": "2",
    "object_repr": "Trendify Admin",
    "action_flag": 2,
    "change_message": "[{\"changed\": {\"fields\": [\"Permissions\"]}}]"
  }
},
{
  "model": "admin.logentry",
  "pk": 50,
  "fields": {
    "action_time": "2025-07-17T10:47:06.791Z",
    "user": 2,
    "content_type": 3,
    "object_id": "1",
    "object_repr": "Staff Manager",
    "action_flag": 2,
    "change_message": "[{\"changed\": {\"fields\": [\"Permissions\"]}}]"
  }
},
{
  "model": "admin.logentry",
  "pk": 51,
  "fields": {
    "action_time": "2025-07-17T10:58:18.590Z",
    "user": 2,
    "content_type": 3,
    "object_id": "1",
    "object_repr": "Staff Manager",
    "action_flag": 2,
    "change_message": "[{\"changed\": {\"fields\": [\"Permissions\"]}}]"
  }
},
{
  "model": "admin.logentry",
  "pk": 52,
  "fields": {
    "action_time": "2025-07-17T10:59:47.025Z",
    "user": 2,
    "content_type": 3,
    "object_id": "1",
    "object_repr": "Staff Manager",
    "action_flag": 2,
    "change_message": "[{\"changed\": {\"fields\": [\"Permissions\"]}}]"
  }
},
{
  "model": "admin.logentry",
  "pk": 53,
  "fields": {
    "action_time": "2025-07-17T11:22:23.065Z",
    "user": 2,
    "content_type": 4,
    "object_id": "1",
    "object_repr": "zzz",
    "action_flag": 2,
    "change_message": "[{\"changed\": {\"fields\": [\"Staff status\"]}}]"
  }
},
{
  "model": "admin.logentry",
  "pk": 54,
  "fields": {
    "action_time": "2025-07-17T11:24:16.816Z",
    "user": 2,
    "content_type": 4,
    "object_id": "1",
    "object_repr": "zzz",
    "action_flag": 2,
    "change_message": "[{\"changed\": {\"fields\": [\"Staff status\"]}}]"
  }
},
{
  "model": "admin.logentry",
  "pk": 55,
  "fields": {
    "action_time": "2025-07-17T11:30:09.886Z",
    "user": 1,
    "content_type": 4,
    "object_id": "2",
    "object_repr": "admin",
    "action_flag": 2,
    "change_message": "[]"
  }
},
{
  "model": "admin.logentry",
  "pk": 56,
  "fields": {
    "action_time": "2025-07-17T11:30:32.051Z",
    "user": 1,
    "content_type": 4,
    "object_id": "1",
    "object_repr": "zzz",
    "action_flag": 2,
    "change_message": "[]"
  }
},
{
  "model": "admin.logentry",
  "pk": 57,
  "fields": {
    "action_time": "2025-12-09T21:31:07.661Z",
    "user": 2,
    "content_type": 4,
    "object_id": "4",
    "object_repr": "staffuser",
    "action_flag": 1,
    "change_message": "[{\"added\": {}}]"
  }
},
{
  "model": "admin.logentry",
  "pk": 58,
  "fields": {
    "action_time": "2025-12-09T21:39:30.214Z",
    "user": 2,
    "content_type": 4,
    "object_id": "4",
    "object_repr": "staffuser",
    "action_flag": 2,
    "change_message": "[{\"changed\": {\"fields\": [\"Staff status\"]}}]"
  }
},
{
  "model": "admin.logentry",
  "pk": 59,
  "fields": {
    "action_time": "2025-12-09T21:47:16.558Z",
    "user": 2,
    "content_type": 3,
    "object_id": "1",
    "object_repr": "Staff Manager",
    "action_flag": 3,
    "change_message": ""
  }
},
{
  "model": "admin.logentry",
  "pk": 60,
  "fields": {
    "action_time": "2025-12-09T21:50:20.883Z",
    "user": 2,
    "content_type": 3,
    "object_id": "3",
    "object_repr": "Staff Manager",
    "action_flag": 1,
    "change_message": "[{\"added\": {}}]"
  }
},
{
  "model": "admin.logentry",
  "pk": 61,
  "fields": {
    "action_time": "2025-12-09T21:50:57.694Z",
    "user": 2,
    "content_type": 4,
    "object_id": "1",
    "object_repr": "zzz",
    "action_flag": 2,
    "change_message": "[{\"changed\": {\"fields\": [\"Groups\"]}}]"
  }
},
{
  "model": "admin.logentry",
  "pk": 62,
  "fields": {
    "action_time": "2025-12-09T21:51:52.756Z",
    "user": 1,
    "content_type": 4,
    "object_id": "1",
    "object_repr": "zzz",
    "action_flag": 2,
    "change_message": "[{\"changed\": {\"fields\": [\"Groups\"]}}]"
  }
},
{
  "model": "admin.logentry",
  "pk": 63,
  "fields": {
    "action_time": "2025-12-09T21:56:30.583Z",
    "user": 1,
    "content_type": 4,
    "object_id": "1",
    "object_repr": "zzz",
    "action_flag": 2,
    "change_message": "[{\"changed\": {\"fields\": [\"Groups\"]}}]"
  }
},
{
  "model": "admin.logentry",
  "pk": 64,
  "fields": {
    "action_time": "2025-12-09T22:13:43.815Z",
    "user": 1,
    "content_type": 4,
    "object_id": "4",
    "object_repr": "staffuser1",
    "action_flag": 2,
    "change_message": "[{\"changed\": {\"fields\": [\"Username\"]}}]"
  }
},
{
  "model": "admin.logentry",
  "pk": 65,
  "fields": {
    "action_time": "2025-12-09T22:13:48.710Z",
    "user": 1,
    "content_type": 4,
    "object_id": "4",
    "object_repr": "staffuser",
    "action_flag": 2,
    "change_message": "[{\"changed\": {\"fields\": [\"Username\"]}}]"
  }
},
{
  "model": "admin.logentry",
  "pk": 66,
  "fields": {
    "action_time": "2025-12-09T22:14:50.019Z",
    "user": 2,
    "content_type": 4,
    "object_id": "1",
    "object_repr": "zzz",
    "action_flag": 2,
    "change_message": "[{\"changed\": {\"fields\": [\"Groups\"]}}]"
  }
},
{
  "model": "admin.logentry",
  "pk": 67,
  "fields": {
    "action_time": "2025-12-09T22:15:36.733Z",
    "user": 2,
    "content_type": 4,
    "object_id": "5",
    "object_repr": "staffmanager",
    "action_flag": 1,
    "change_message": "[{\"added\": {}}]"
  }
},
{
  "model": "admin.logentry",
  "pk": 68,
  "fields": {
    "action_time": "2025-12-09T22:15:53.619Z",
    "user": 2,
    "content_type": 4,
    "object_id": "5",
    "object_repr": "staffmanager",
    "action_flag": 2,
    "change_message": "[{\"changed\": {\"fields\": [\"Staff status\", \"Groups\"]}}]"
  }
},
{
  "model": "admin.logentry",
  "pk": 69,
  "fields": {
    "action_time": "2025-12-09T22:16:11.043Z",
    "user": 2,
    "content_type": 4,
    "object_id": "4",
    "object_repr": "staffuser",
    "action_flag": 2,
    "change_message": "[{\"changed\": {\"fields\": [\"password\"]}}]"
  }
},
{
  "model": "admin.logentry",
  "pk": 70,
  "fields": {
    "action_time": "2025-12-09T22:25:56.711Z",
    "user": 5,
    "content_type": 4,
    "object_id": "4",
    "object_repr": "staffuser",
    "action_flag": 2,
    "change_message": "[]"
  }
},
{
  "model": "admin.logentry",
  "pk": 71,
  "fields": {
    "action_time": "2025-12-09T22:30:31.764Z",
    "user": 5,
    "content_type": 4,
    "object_id": "4",
    "object_repr": "staffuser1",
    "action_flag": 2,
    "change_message": "[{\"changed\": {\"fields\": [\"Username\", \"New password\", \"Confirm password\"]}}]"
  }
},
{
  "model": "admin.logentry",
  "pk": 72,
  "fields": {
    "action_time": "2025-12-09T22:30:47.754Z",
    "user": 5,
    "content_type": 4,
    "object_id": "6",
    "object_repr": "staffuser2",
    "action_flag": 1,
    "change_message": "[{\"added\": {}}]"
  }
},
{
  "model": "admin.logentry",
  "pk": 73,
  "fields": {
    "action_time": "2025-12-09T22:35:09.355Z",
    "user": 2,
    "content_type": 3,
    "object_id": "4",
    "object_repr": "Staff User",
    "action_flag": 1,
    "change_message": "[{\"added\": {}}]"
  }
},
{
  "model": "admin.logentry",
  "pk": 74,
  "fields": {
    "action_time": "2025-12-09T22:42:34.935Z",
    "user": 2,
    "content_type": 4,
    "object_id": "4",
    "object_repr": "staffuser1",
    "action_flag": 2,
    "change_message": "[{\"changed\": {\"fields\": [\"Groups\"]}}]"
  }
},
{
  "model": "admin.logentry",
  "pk": 75,
  "fields": {
    "action_time": "2025-12-09T22:42:45.084Z",
    "user": 2,
    "content_type": 4,
    "object_id": "6",
    "object_repr": "staffuser2",
    "action_flag": 2,
    "change_message": "[{\"changed\": {\"fields\": [\"Groups\"]}}]"
  }
},
{
  "model": "admin.logentry",
  "pk": 76,
  "fields": {
    "action_time": "2025-12-09T22:42:51.772Z",
    "user": 2,
    "content_type": 4,
    "object_id": "5",
    "object_repr": "staffmanager",
    "action_flag": 2,
    "change_message": "[{\"changed\": {\"fields\": [\"Groups\"]}}]"
  }
},
{
  "model": "admin.logentry",
  "pk": 77,
  "fields": {
    "action_time": "2025-12-09T22:44:08.886Z",
    "user": 5,
    "content_type": 4,
    "object_id": "7",
    "object_repr": "staffuser3",
    "action_flag": 1,
    "change_message": "[{\"added\": {}}]"
  }
},
{
  "model": "admin.logentry",
  "pk": 78,
  "fields": {
    "action_time": "2025-12-09T22:56:58.684Z",
    "user": 2,
    "content_type": 8,
    "object_id": "7",
    "object_repr": "staffuser3",
    "action_flag": 3,
    "change_message": ""
  }
},
{
  "model": "admin.logentry",
  "pk": 79,
  "fields": {
    "action_time": "2025-12-09T22:56:58.684Z",
    "user": 2,
    "content_type": 8,
    "object_id": "6",
    "object_repr": "staffuser2",
    "action_flag": 3,
    "change_message": ""
  }
},
{
  "model": "admin.logentry",
  "pk": 80,
  "fields": {
    "action_time": "2025-12-09T22:56:58.684Z",
    "user": 2,
    "content_type": 8,
    "object_id": "5",
    "object_repr": "staffmanager",
    "action_flag": 3,
    "change_message": ""
  }
},
{
  "model": "admin.logentry",
  "pk": 81,
  "fields": {
    "action_time": "2025-12-09T22:56:58.684Z",
    "user": 2,
    "content_type": 8,
    "object_id": "4",
    "object_repr": "staffuser1",
    "action_flag": 3,
    "change_message": ""
  }
},
{
  "model": "admin.logentry",
  "pk": 82,
  "fields": {
    "action_time": "2025-12-09T22:56:58.684Z",
    "user": 2,
    "content_type": 8,
    "object_id": "1",
    "object_repr": "zzz",
    "action_flag": 3,
    "change_message": ""
  }
},
{
  "model": "admin.logentry",
  "pk": 83,
  "fields": {
    "action_time": "2025-12-09T23:06:30.711Z",
    "user": 2,
    "content_type": 4,
    "object_id": "3",
    "object_repr": "testcustomer",
    "action_flag": 2,
    "change_message": "[{\"changed\": {\"fields\": [\"password\"]}}]"
  }
},
{
  "model": "admin.logentry",
  "pk": 84,
  "fields": {
    "action_time": "2025-12-10T22:32:44.622Z",
    "user": 1,
    "content_type": 10,
    "object_id": "11",
    "object_repr": "Phone Charger",
    "action_flag": 1,
    "change_message": "[{\"added\": {}}]"
  }
},
{
  "model": "auth.permission",
  "pk": 1,
  "fields": {
    "name": "Can add log entry",
    "content_type": 1,
    "codename": "add_logentry"
  }
},
{
  "model": "auth.permission",
  "pk": 2,
  "fields": {
    "name": "Can change log entry",
    "content_type": 1,
    "codename": "change_logentry"
  }
},
{
  "model": "auth.permission",
  "pk": 3,
  "fields": {
    "name": "Can delete log entry",
    "content_type": 1,
    "codename": "delete_logentry"
  }
},
{
  "model": "auth.permission",
  "pk": 4,
  "fields": {
    "name": "Can view log entry",
    "content_type": 1,
    "codename": "view_logentry"
  }
},
{
  "model": "auth.permission",
  "pk": 5,
  "fields": {
    "name": "Can add permission",
    "content_type": 2,
    "codename": "add_permission"
  }
},
{
  "model": "auth.permission",
  "pk": 6,
  "fields": {
    "name": "Can change permission",
    "content_type": 2,
    "codename": "change_permission"
  }
},
{
  "model": "auth.permission",
  "pk": 7,
  "fields": {
    "name": "Can delete permission",
    "content_type": 2,
    "codename": "delete_permission"
  }
},
{
  "model": "auth.permission",
  "pk": 8,
  "fields": {
    "name": "Can view permission",
    "content_type": 2,
    "codename": "view_permission"
  }
},
{
  "model": "auth.permission",
  "pk": 9,
  "fields": {
    "name": "Can add group",
    "content_type": 3,
    "codename": "add_group"
  }
},
{
  "model": "auth.permission",
  "pk": 10,
  "fields": {
    "name": "Can change group",
    "content_type": 3,
    "codename": "change_group"
  }
},
{
  "model": "auth.permission",
  "pk": 11,
  "fields": {
    "name": "Can delete group",
    "content_type": 3,
    "codename": "delete_group"
  }
},
{
  "model": "auth.permission",
  "pk": 12,
  "fields": {
    "name": "Can view group",
    "content_type": 3,
    "codename": "view_group"
  }
},
{
  "model": "auth.permission",
  "pk": 13,
  "fields": {
    "name": "Can add user",
    "content_type": 4,
    "codename": "add_user"
  }
},
{
  "model": "auth.permission",
  "pk": 14,
  "fields": {
    "name": "Can change user",
    "content_type": 4,
    "codename": "change_user"
  }
},
{
  "model": "auth.permission",
  "pk": 15,
  "fields": {
    "name": "Can delete user",
    "content_type": 4,
    "codename": "delete_user"
  }
},
{
  "model": "auth.permission",
  "pk": 16,
  "fields": {
    "name": "Can view user",
    "content_type": 4,
    "codename": "view_user"
  }
},
{
  "model": "auth.permission",
  "pk": 17,
  "fields": {
    "name": "Can add content type",
    "content_type": 5,
    "codename": "add_contenttype"
  }
},
{
  "model": "auth.permission",
  "pk": 18,
  "fields": {
    "name": "Can change content type",
    "content_type": 5,
    "codename": "change_contenttype"
  }
},
{
  "model": "auth.permission",
  "pk": 19,
  "fields": {
    "name": "Can delete content type",
    "content_type": 5,
    "codename": "delete_contenttype"
  }
},
{
  "model": "auth.permission",
  "pk": 20,
  "fields": {
    "name": "Can view content type",
    "content_type": 5,
    "codename": "view_contenttype"
  }
},
{
  "model": "auth.permission",
  "pk": 21,
  "fields": {
    "name": "Can add session",
    "content_type": 6,
    "codename": "add_session"
  }
},
{
  "model": "auth.permission",
  "pk": 22,
  "fields": {
    "name": "Can change session",
    "content_type": 6,
    "codename": "change_session"
  }
},
{
  "model": "auth.permission",
  "pk": 23,
  "fields": {
    "name": "Can delete session",
    "content_type": 6,
    "codename": "delete_session"
  }
},
{
  "model": "auth.permission",
  "pk": 24,
  "fields": {
    "name": "Can view session",
    "content_type": 6,
    "codename": "view_session"
  }
},
{
  "model": "auth.permission",
  "pk": 25,
  "fields": {
    "name": "Can add category",
    "content_type": 7,
    "codename": "add_category"
  }
},
{
  "model": "auth.permission",
  "pk": 26,
  "fields": {
    "name": "Can change category",
    "content_type": 7,
    "codename": "change_category"
  }
},
{
  "model": "auth.permission",
  "pk": 27,
  "fields": {
    "name": "Can delete category",
    "content_type": 7,
    "codename": "delete_category"
  }
},
{
  "model": "auth.permission",
  "pk": 28,
  "fields": {
    "name": "Can view category",
    "content_type": 7,
    "codename": "view_category"
  }
},
{
  "model": "auth.permission",
  "pk": 29,
  "fields": {
    "name": "Can add customer",
    "content_type": 8,
    "codename": "add_customer"
  }
},
{
  "model": "auth.permission",
  "pk": 30,
  "fields": {
    "name": "Can change customer",
    "content_type": 8,
    "codename": "change_customer"
  }
},
{
  "model": "auth.permission",
  "pk": 31,
  "fields": {
    "name": "Can delete customer",
    "content_type": 8,
    "codename": "delete_customer"
  }
},
{
  "model": "auth.permission",
  "pk": 32,
  "fields": {
    "name": "Can view customer",
    "content_type": 8,
    "codename": "view_customer"
  }
},
{
  "model": "auth.permission",
  "pk": 33,
  "fields": {
    "name": "Can add order",
    "content_type": 9,
    "codename": "add_order"
  }
},
{
  "model": "auth.permission",
  "pk": 34,
  "fields": {
    "name": "Can change order",
    "content_type": 9,
    "codename": "change_order"
  }
},
{
  "model": "auth.permission",
  "pk": 35,
  "fields": {
    "name": "Can delete order",
    "content_type": 9,
    "codename": "delete_order"
  }
},
{
  "model": "auth.permission",
  "pk": 36,
  "fields": {
    "name": "Can view order",
    "content_type": 9,
    "codename": "view_order"
  }
},
{
  "model": "auth.permission",
  "pk": 37,
  "fields": {
    "name": "Can add product",
    "content_type": 10,
    "codename": "add_product"
  }
},
{
  "model": "auth.permission",
  "pk": 38,
  "fields": {
    "name": "Can change product",
    "content_type": 10,
    "codename": "change_product"
  }
},
{
  "model": "auth.permission",
  "pk": 39,
  "fields": {
    "name": "Can delete product",
    "content_type": 10,
    "codename": "delete_product"
  }
},
{
  "model": "auth.permission",
  "pk": 40,
  "fields": {
    "name": "Can view product",
    "content_type": 10,
    "codename": "view_product"
  }
},
{
  "model": "auth.permission",
  "pk": 41,
  "fields": {
    "name": "Can add order item",
    "content_type": 11,
    "codename": "add_orderitem"
  }
},
{
  "model": "auth.permission",
  "pk": 42,
  "fields": {
    "name": "Can change order item",
    "content_type": 11,
    "codename": "change_orderitem"
  }
},
{
  "model": "auth.permission",
  "pk": 43,
  "fields": {
    "name": "Can delete order item",
    "content_type": 11,
    "codename": "delete_orderitem"
  }
},
{
  "model": "auth.permission",
  "pk": 44,
  "fields": {
    "name": "Can view order item",
    "content_type": 11,
    "codename": "view_orderitem"
  }
},
{
  "model": "auth.group",
  "pk": 2,
  "fields": {
    "name": "Trendify Admin",
    "permissions": [
      25,
      26,
      27,
      28,
      32,
      36,
      44,
      37,
      38,
      39,
      40
    ]
  }
},
{
  "model": "auth.group",
  "pk": 3,
  "fields": {
    "name": "Staff Manager",
    "permissions": []
  }
},
{
  "model": "auth.group",
  "pk": 4,
  "fields": {
    "name": "Staff User",
    "permissions": [
      28,
      32,
      36,
      44,
      40
    ]
  }
},
{
  "model": "auth.user",
  "pk": 1,
  "fields": {
    "password": "pbkdf2_sha256$870000$HYCxwFGlqbHjd6wl3xZ76O$WsFWMOV57pmu6dEAIY7+uDStTVYI/2WpWMahh8a5qes=",
    "last_login": "2025-12-10T22:32:05.369Z",
    "is_superuser": false,
    "username": "zzz",
    "first_name": "",
    "last_name": "",
    "email": "",
    "is_staff": true,
    "is_active": true,
    "date_joined": "2025-05-21T19:57:17Z",
    "groups": [
      2
    ],
    "user_permissions": []
  }
},
{
  "model": "auth.user",
  "pk": 2,
  "fields": {
    "password": "pbkdf2_sha256$870000$C9DgpABe2UyWacGVrwJgOa$Gn6fLd5RO/si2MUCC0Suklj1e/PgN30GljwylYldoXM=",
    "last_login": "2025-12-10T22:31:26.162Z",
    "is_superuser": true,
    "username": "admin",
    "first_name": "",
    "last_name": "",
    "email": "",
    "is_staff": true,
    "is_active": true,
    "date_joined": "2025-07-17T09:49:09.002Z",
    "groups": [],
    "user_permissions": []
  }
},
{
  "model": "auth.user",
  "pk": 3,
  "fields": {
    "password": "pbkdf2_sha256$870000$6rwygGpO4L1Pt2kfZW02UT$HjjxAjoLe4etUXLlnyUNOiCyx+ba10zu59Cs3kk7PYQ=",
    "last_login": "2025-12-10T22:28:51.532Z",
    "is_superuser": false,
    "username": "testcustomer",
    "first_name": "",
    "last_name": "",
    "email": "",
    "is_staff": false,
    "is_active": true,
    "date_joined": "2025-07-17T17:05:19.034Z",
    "groups": [],
    "user_permissions": []
  }
},
{
  "model": "auth.user",
  "pk": 4,
  "fields": {
    "password": "pbkdf2_sha256$870000$7C6sPd7kaI6z5VGeeP2ux1$TpYl61rdD57bJEugQIH1LdIUV9CxLd3hXP3aOoBkjxo=",
    "last_login": "2025-12-10T22:31:00.683Z",
    "is_superuser": false,
    "username": "staffuser1",
    "first_name": "",
    "last_name": "",
    "email": "",
    "is_staff": true,
    "is_active": true,
    "date_joined": "2025-12-09T21:31:07Z",
    "groups": [
      4
    ],
    "user_permissions": []
  }
},
{
  "model": "auth.user",
  "pk": 5,
  "fields": {
    "password": "pbkdf2_sha256$870000$gHnFBLPu9r9jTHQwsPFAz0$El+UxO93z+X+PBBDDPADdSTX/PL0LqDlov+k/9yq7RY=",
    "last_login": "2025-12-10T22:33:19.762Z",
    "is_superuser": false,
    "username": "staffmanager",
    "first_name": "",
    "last_name": "",
    "email": "",
    "is_staff": true,
    "is_active": true,
    "date_joined": "2025-12-09T22:15:36Z",
    "groups": [
      3,
      4
    ],
    "user_permissions": []
  }
},
{
  "model": "auth.user",
  "pk": 6,
  "fields": {
    "password": "pbkdf2_sha256$870000$DPIFauBqgk0aYV0nyzlAfK$OpgETtWyM5x3TAual4A51PUok1vdBcoyMKTSFc41AJQ=",
    "last_login": null,
    "is_superuser": false,
    "username": "staffuser2",
    "first_name": "",
    "last_name": "",
    "email": "",
    "is_staff": true,
    "is_active": true,
    "date_joined": "2025-12-09T22:30:47Z",
    "groups": [
      4
    ],
    "user_permissions": []
  }
},
{
  "model": "auth.user",
  "pk": 7,
  "fields": {
    "password": "pbkdf2_sha256$870000$9fhNgqf4Fn2qTxz6RWulZh$4/ZxM/+tN0sSdR5kWy6qtFgjv4ZWcPMy6Mv5vajSPQA=",
    "last_login": null,
    "is_superuser": false,
    "username": "staffuser3",
    "first_name": "",
    "last_name": "",
    "email": "",
    "is_staff": true,
    "is_active": true,
    "date_joined": "2025-12-09T22:44:08.588Z",
    "groups": [
      4
    ],
    "user_permissions": []
  }
},
{
  "model": "auth.user",
  "pk": 8,
  "fields": {
    "password": "pbkdf2_sha256$870000$HdgAE1te3pe9gO21C46x3Q$9U3CIu2XFJ+1zGPAT67VG7d7hEDaltIXJR0dg0S7drA=",
    "last_login": "2025-12-10T22:33:56.144Z",
    "is_superuser": false,
    "username": "demoaccount",
    "first_name": "",
    "last_name": "",
    "email": "",
    "is_staff": false,
    "is_active": true,
    "date_joined": "2025-12-10T22:29:27.784Z",
    "groups": [],
    "user_permissions": []
  }
},
{
  "model": "contenttypes.contenttype",
  "pk": 1,
  "fields": {
    "app_label": "admin",
    "model": "logentry"
  }
},
{
  "model": "contenttypes.contenttype",
  "pk": 2,
  "fields": {
    "app_label": "auth",
    "model": "permission"
  }
},
{
  "model": "contenttypes.contenttype",
  "pk": 3,
  "fields": {
    "app_label": "auth",
    "model": "group"
  }
},
{
  "model": "contenttypes.contenttype",
  "pk": 4,
  "fields": {
    "app_label": "auth",
    "model": "user"
  }
},
{
  "model": "contenttypes.contenttype",
  "pk": 5,
  "fields": {
    "app_label": "contenttypes",
    "model": "contenttype"
  }
},
{
  "model": "contenttypes.contenttype",
  "pk": 6,
  "fields": {
    "app_label": "sessions",
    "model": "session"
  }
},
{
  "model": "contenttypes.contenttype",
  "pk": 7,
  "fields": {
    "app_label": "app",
    "model": "category"
  }
},
{
  "model": "contenttypes.contenttype",
  "pk": 8,
  "fields": {
    "app_label": "app",
    "model": "customer"
  }
},
{
  "model": "contenttypes.contenttype",
  "pk": 9,
  "fields": {
    "app_label": "app",
    "model": "order"
  }
},
{
  "model": "contenttypes.contenttype",
  "pk": 10,
  "fields": {
    "app_label": "app",
    "model": "product"
  }
},
{
  "model": "contenttypes.contenttype",
  "pk": 11,
  "fields": {
    "app_label": "app",
    "model": "orderitem"
  }
},
{
  "model": "sessions.session",
  "pk": "1rhjucszm4mywceiinff6hi1j6wrm5uc",
  "fields": {
    "session_data": ".eJxVjEEOgyAUBe_CuiEofDUuu-8ZCPAf1dpAIrpojHevJm7czsx7mygoZczJTviJftsfwrp1GexaMNuRRS-0uDHvwoR0Cv649M4y5LTMo5dnIi9b5Cszvs-rvR0MrgzH2iGq2ADUVEzBeK1qrivFMKZWkQ8SCdRpqlqg0x6GGoQYSHm0iBD7H3e8P2s:1ucS5E:ObmiW5fJunOFIQME3W8gM7NSejdY5uZ_l_FetZWscw8",
    "expire_date": "2025-07-31T17:07:48.199Z"
  }
},
{
  "model": "sessions.session",
  "pk": "3ve8jrk6kln4fptrkx4c57vhbj3y39ki",
  "fields": {
    "session_data": ".eJxVjDEOgzAQBP9ydWQBhsNOmT5vsM72XSBEtoShiBB_T5BoaHdmdoPCpYw5uYm_cN_2Gzhal8GthWc3RrhDDZfNU5g4HSC-Kb2yCjkt8-jVoaiTFvXMkT-P070cDFSGf80SamLTS22JWay1hrETbEyLkbUOve-w8qKDaYUic5C-0axbX0lERNh_h9w_Zw:1ucMdb:CKDDv_q3OQVDEkZ5XY6767PLFCzoCImc6SSJwGHT82g",
    "expire_date": "2025-07-31T11:18:55.631Z"
  }
},
{
  "model": "sessions.session",
  "pk": "ks3rrxb9jc6hkfco8usjltvqkpyerqz6",
  "fields": {
    "session_data": ".eJxVjDEOgzAQBP9ydWQBhsNOmT5vsM72XSBEtoShiBB_T5BoaHdmdoPCpYw5uYm_cN_2Gzhal8GthWc3RrhDDZfNU5g4HSC-Kb2yCjkt8-jVoaiTFvXMkT-P070cDFSGf80SamLTS22JWay1hrETbEyLkbUOve-w8qKDaYUic5C-0axbX0lERNh_h9w_Zw:1uJaj9:oVd_yL13wiY-lH485f3at74Hi-yHnC4H8hGzThQM114",
    "expire_date": "2025-06-09T16:31:03.183Z"
  }
},
{
  "model": "sessions.session",
  "pk": "m1yud3nzadfww44jpva2o9bbmdvo5jp0",
  "fields": {
    "session_data": ".eJxVjDEOgzAQBP9ydWQBhsNOmT5vsM72XSBEtoShiBB_T5BoaHdmdoPCpYw5uYm_cN_2Gzhal8GthWc3RrhDDZfNU5g4HSC-Kb2yCjkt8-jVoaiTFvXMkT-P070cDFSGf80SamLTS22JWay1hrETbEyLkbUOve-w8qKDaYUic5C-0axbX0lERNh_h9w_Zw:1ucMdu:iAAd64ioHeQSQ3b44eZ6ovVLQ03SRw2TEEDe4oio1J0",
    "expire_date": "2025-07-31T11:19:14.504Z"
  }
},
{
  "model": "sessions.session",
  "pk": "n0t1xoem0hq6l8sh211afjqk32rildl7",
  "fields": {
    "session_data": ".eJxVjDEOgzAQBP9ydWQBhsNOmT5vsM72XSBEtoShiBB_T5BoaHdmdoPCpYw5uYm_cN_2Gzhal8GthWc3RrhDDZfNU5g4HSC-Kb2yCjkt8-jVoaiTFvXMkT-P070cDFSGf80SamLTS22JWay1hrETbEyLkbUOve-w8qKDaYUic5C-0axbX0lERNh_h9w_Zw:1ucLec:dx9kv7wnAWMGBD7PX9I-3YBn9tRb-PZYmIK11hExWcQ",
    "expire_date": "2025-07-31T10:15:54.502Z"
  }
},
{
  "model": "sessions.session",
  "pk": "njn5qfn9xz65sgw86e903hfottnkw3kg",
  "fields": {
    "session_data": ".eJxVjEEOgyAQAP_CuSGwCms99u4byAJLtTaQiB4a498bEy9eZyazi8q1TiW7mX-i34-HcLSto9sqL26KohcgbsxTmDmfIn4ov4sMJa_L5OWZyMtWOZTI39fV3gYj1fHcRqbYdMAtKBsQI1vldWdCq5NlZShBA0mjaVRntWkV-MAekwIgfCKK4w9MTT2C:1ucS5c:9J235j_viv9tW2Vtl_hBZ6slhApbsIOSIwORpVYneVQ",
    "expire_date": "2025-07-31T17:08:12.351Z"
  }
},
{
  "model": "sessions.session",
  "pk": "qw61h126z7leakfsal1rwo4jxc1t1aot",
  "fields": {
    "session_data": ".eJxVjEEOgyAQRe_CuiGgIuCye89AhpmxWhtIRBeN8e6tiRu3_733d1G4lCmnMPNXdPvxEAG2dQxb4SVMJDrhxG2LgDOnE9Ab0itLzGldpihPRV60yD4Tf56XezsYoYz_WrNi33jSiNzqGluqB6aITTV4a1g31oACT-wU2rYy2inQJkJU1hkYnDh-blE-gw:1vTSku:rOuHlBP22DVlbUGWlMZRXEmI0ZXoU9LlcKbkCAVOCFg",
    "expire_date": "2025-12-24T22:33:56.145Z"
  }
},
{
  "model": "sessions.session",
  "pk": "ugmajlu44yk0gjvo29uhkxp83b8s2n1m",
  "fields": {
    "session_data": ".eJxVjDEOgzAQBP9ydWQBhsNOmT5vsM72XSBEtoShiBB_T5BoaHdmdoPCpYw5uYm_cN_2Gzhal8GthWc3RrhDDZfNU5g4HSC-Kb2yCjkt8-jVoaiTFvXMkT-P070cDFSGf80SamLTS22JWay1hrETbEyLkbUOve-w8qKDaYUic5C-0axbX0lERNh_h9w_Zw:1uJZzN:KWTsJTAQIRxbX8NQo6ndiqApiewVRltL_Hpftm0nwjA",
    "expire_date": "2025-06-09T15:43:45.684Z"
  }
},
{
  "model": "app.customer",
  "pk": 2,
  "fields": {
    "user": 2,
    "cart": ""
  }
},
{
  "model": "app.customer",
  "pk": 3,
  "fields": {
    "user": 3,
    "cart": "{}"
  }
},
{
  "model": "app.customer",
  "pk": 8,
  "fields": {
    "user": 8,
    "cart": "{}"
  }
},
{
  "model": "app.category",
  "pk": 2,
  "fields": {
    "name": "Evening Wear"
  }
},
{
  "model": "app.category",
  "pk": 3,
  "fields": {
    "name": "Leather"
  }
},
{
  "model": "app.category",
  "pk": 4,
  "fields": {
    "name": "Fitness"
  }
},
{
  "model": "app.category",
  "pk": 5,
  "fields": {
    "name": "Eyewear"
  }
},
{
  "model": "app.category",
  "pk": 6,
  "fields": {
    "name": "Jewelry"
  }
},
{
  "model": "app.category",
  "pk": 7,
  "fields": {
    "name": "Accessories"
  }
},
{
  "model": "app.category",
  "pk": 8,
  "fields": {
    "name": "Tech"
  }
},
{
  "model": "app.category",
  "pk": 9,
  "fields": {
    "name": "Skincare"
  }
},
{
  "model": "app.category",
  "pk": 10,
  "fields": {
    "name": "Streetwear"
  }
},
{
  "model": "app.category",
  "pk": 11,
  "fields": {
    "name": "Outerwear"
  }
},
{
  "model": "app.category",
  "pk": 12,
  "fields": {
    "name": "Bags"
  }
},
{
  "model": "app.category",
  "pk": 13,
  "fields": {
    "name": "Gowns"
  }
},
{
  "model": "app.product",
  "pk": 1,
  "fields": {
    "name": "Celestia Gown",
    "price": "799.99",
    "description": "Step into elegance with the Celestia Gown—featuring intricate beading, a sculpted bodice, and a flowing shimmer-drenched skirt. Perfect for galas and red carpet moments.",
    "image": "uploads/products/1_k7y1eAN.webp",
    "categories": [
      13,
      2
    ]
  }
},
{
  "model": "app.product",
  "pk": 2,
  "fields": {
    "name": "UrbanCraft Satchel",
    "price": "249.99",
    "description": "Crafted from premium full-grain leather, the UrbanCraft Satchel combines timeless style with everyday functionality. Features dual front pockets, buckle straps, and a padded shoulder strap for comfort.",
    "image": "uploads/products/2_wwHqFY0.webp",
    "categories": [
      3,
      12
    ]
  }
},
{
  "model": "app.product",
  "pk": 3,
  "fields": {
    "name": "FitPulse Band",
    "price": "59.99",
    "description": "Track your heart rate, steps, and calories with the sleek FitPulse Band. Designed for active lifestyles, it offers a clear OLED display and all-day battery life to keep you moving.",
    "image": "uploads/products/3_p2YeeBO.webp",
    "categories": [
      8,
      4,
      7
    ]
  }
},
{
  "model": "app.product",
  "pk": 4,
  "fields": {
    "name": "SunLoft Shades",
    "price": "89.99",
    "description": "Embrace vintage charm with SunLoft Shades. Featuring round lenses and a sleek tortoiseshell frame, these sunglasses offer both UV protection and timeless style for sunny adventures.",
    "image": "uploads/products/4_tuutPph.webp",
    "categories": [
      11,
      5
    ]
  }
},
{
  "model": "app.product",
  "pk": 5,
  "fields": {
    "name": "Dune Fringe Hat",
    "price": "39.99",
    "description": "Stay shaded in style with the Dune Fringe Hat. Made from natural woven straw, it features a wide brim with fringe edges and a beaded band for a touch of boho elegance.",
    "image": "uploads/products/5_pPePjKu.webp",
    "categories": [
      11,
      7
    ]
  }
},
{
  "model": "app.product",
  "pk": 6,
  "fields": {
    "name": "Lumière Pearls",
    "price": "54.99",
    "description": "A timeless string of luminous faux pearls, the Lumière Pearls necklace adds a touch of classic elegance to any outfit. Adjustable clasp ensures a perfect fit for every neckline.",
    "image": "uploads/products/6_UXD1ZWg.webp",
    "categories": [
      2,
      6,
      7
    ]
  }
},
{
  "model": "app.product",
  "pk": 7,
  "fields": {
    "name": "GearGrid Organizer",
    "price": "34.99",
    "description": "Keep all your cables, chargers, and gadgets in check with the GearGrid Organizer. Designed with multiple compartments and elastic loops for secure, tangle-free storage—perfect for travel or everyday use.",
    "image": "uploads/products/7_uSICqlU.webp",
    "categories": [
      8,
      12,
      7
    ]
  }
},
{
  "model": "app.product",
  "pk": 8,
  "fields": {
    "name": "EarthGlow Ritual Set",
    "price": "69.99",
    "description": "Indulge in self-care with the EarthGlow Ritual Set—featuring botanical-infused skincare essentials like toner, cream, oil, and scrub. Made with natural ingredients for a calming, rejuvenating routine.",
    "image": "uploads/products/8_gTLFKML.webp",
    "categories": [
      9
    ]
  }
},
{
  "model": "app.product",
  "pk": 9,
  "fields": {
    "name": "MetroRush Hoodie",
    "price": "64.99",
    "description": "Stand out with the MetroRush Hoodie—featuring bold cityscape graphics, urban typography, and a streetwear vibe. Soft, warm, and built for comfort with a modern edge.",
    "image": "uploads/products/9_kIzxRck.webp",
    "categories": [
      10
    ]
  }
},
{
  "model": "app.product",
  "pk": 10,
  "fields": {
    "name": "IronRider Jacket",
    "price": "219.99",
    "description": "Rugged and bold, the IronRider Jacket is crafted from premium distressed leather. With classic biker details, multiple zips, and a belted waist, it's built for statement style and durability.",
    "image": "uploads/products/10_KkbspOC.webp",
    "categories": [
      11,
      10,
      3
    ]
  }
},
{
  "model": "app.product",
  "pk": 11,
  "fields": {
    "name": "Phone Charger",
    "price": "29.99",
    "description": "Phone cahrger",
    "image": "uploads/products/signature_pandadoc.png",
    "categories": [
      8
    ]
  }
},
{
  "model": "app.order",
  "pk": 2,
  "fields": {
    "customer": 3,
    "date": "2025-07-17T17:07:48.183Z",
    "complete": true
  }
},
{
  "model": "app.order",
  "pk": 4,
  "fields": {
    "customer": 8,
    "date": "2025-12-10T22:30:15.889Z",
    "complete": true
  }
},
{
  "model": "app.orderitem",
  "pk": 4,
  "fields": {
    "order": 2,
    "product": 1,
    "quantity": 1
  }
},
{
  "model": "app.orderitem",
  "pk": 5,
  "fields": {
    "order": 2,
    "product": 5,
    "quantity": 1
  }
},
{
  "model": "app.orderitem",
  "pk": 6,
  "fields": {
    "order": 2,
    "product": 9,
    "quantity": 1
  }
},
{
  "model": "app.orderitem",
  "pk": 8,
  "fields": {
    "order": 4,
    "product": 1,
    "quantity": 1
  }
},
{
  "model": "app.orderitem",
  "pk": 9,
  "fields": {
    "order": 4,
    "product": 2,
    "quantity": 2
  }
}
]
